30,ABC,PLAN,55,48,64
1,ABCDEFGHIJKLMNOPQRSTUVWXYZABCDEFGHIJKLMNOPQRSTUVWXYZABCDEFGHIJKLMNOPQRSTUVWXYZABCDEFGHIJKLMNOPQRSTUVWXYZABCDEFG,NORM,60,60,40
6,ABCDEF,ELEC,60,40,70
23,ABCDEFGHIJKLMNOP,PLAN,50,50,70
67,ABCDEFGHIJKLMNOPQRSTU,AGUA,48,52,68
17,ABCDEFGHIJ,NORM,52,60,42
81,ABCDEFGH,PLAN,58,45,68
64,ABCD,AGUA,48,60,50
19,A,ELEC,50,40,60
9,ABCDEFGHI,AGUA,50,55,45
5,ABCDE,NORM,45,55,40
71,ABCDEFGHIJK,ELEC,45,43,63
12,ABCDEFGHIJKLM,FUEG,46,47,65
7,ABCDEFG,FUEG,55,50,65
20,AB,FUEG,52,45,62
220,JRTEE,FUEG,52,45,62

